rel_path	local_id	dump_id
items/ebfe/00ee49f5664e49d6d38f7a910499c95d/Caney_Creek.json	Caney_Creek	Caney_Creek_1
items/ebfe/07c3008d225eb9e6dbaad1059ddc5f1a/SPRING_CREEK.json	SPRING_CREEK	SPRING_CREEK_1
items/ebfe/099610057ae5deb41554088565ec097e/Clear_Creek_Tributary_25.json	Clear_Creek_Tributary_25	Clear_Creek_Tributary_25_2
items/ebfe/0a2c553b2619172c9be896951ed4c20a/HILL_CREEK.json	HILL_CREEK	HILL_CREEK_1
items/ebfe/0b51dbaa4e4e95f2446f475add8367c4/PRAIRIE_CREEK.json	PRAIRIE_CREEK	PRAIRIE_CREEK_1
items/ebfe/0ca7b67a589cb218e2145fe040953044/Timber_Creek_Trib_11.json	Timber_Creek_Trib_11	Timber_Creek_Trib_11_1
items/ebfe/0d35cadd2ba20dd2a5528100db2fc8d6/COTTONWOOD_CREEK.json	COTTONWOOD_CREEK	COTTONWOOD_CREEK_2
items/ebfe/0e7de5716baa3d079ecfc8937b445936/BUCK_CREEK.json	BUCK_CREEK	BUCK_CREEK_1
items/ebfe/0f16f9416af698ff19b343120ad590d2/Moore_Branch.json	Moore_Branch	Moore_Branch_1
items/ebfe/100eed58449fb119a7cef15f773f4550/GLADE_CREEK.json	GLADE_CREEK	GLADE_CREEK_2
items/ebfe/1154ae2f5dbfb4b7d632885c59c0a965/Cedar_Creek.json	Cedar_Creek	Cedar_Creek_2
items/ebfe/131efa8b83559309851c0c885fa19649/Big_Creek.json	Big_Creek	Big_Creek_1
items/ebfe/1796d23e7452fa21857591559f1439cd/ROCKY_CREEK.json	ROCKY_CREEK	ROCKY_CREEK_4
items/ebfe/188109364da595647e9dc2ef3c14e6c8/Rock_Creek.json	Rock_Creek	Rock_Creek_1
items/ebfe/1e71517e81446ac4ac2935584bfd2aff/Glade_Creek.json	Glade_Creek_1	Glade_Creek_1_1
items/ebfe/22200a70ea465103979d0c28ffd04776/CEDAR_CREEK.json	CEDAR_CREEK	CEDAR_CREEK_1
items/ebfe/223592e2d5d050c120d0d67f1b8f7e7a/Cedar_Creek.json	Cedar_Creek	Cedar_Creek_2
items/ebfe/2468e60d4905e61e512ecdf741931e23/MUD_CREEK.json	MUD_CREEK	MUD_CREEK_1
items/ebfe/24d34f87b5a69c73962a9542a8ba36ad/Cedar_Creek.json	Cedar_Creek	Cedar_Creek_1
items/ebfe/2565d567e2130cdd3724f26996e7b26e/BOGGY_CREEK.json	BOGGY_CREEK	BOGGY_CREEK_1
items/ebfe/25a5bb3eaccd8de690f1e3f1890d2f1e/LONG_BRANCH.json	LONG_BRANCH	LONG_BRANCH_1
items/ebfe/28707177374a77f6a989786c4bfd8ffd/SPRING_BRANCH.json	SPRING_BRANCH	SPRING_BRANCH_2
items/ebfe/346b21bc1745374801f0b4cc161bf79c/Sandy_Creek.json	Sandy_Creek	Sandy_Creek_3
items/ebfe/36a6a310c5ef7d37ab9ad046b2ef055e/SMITH_CREEK.json	SMITH_CREEK	SMITH_CREEK_1
items/ebfe/3c8bc72df406fd40d213cead5098f5db/Westbrook_Creek.json	Westbrook_Creek	Westbrook_Creek_1
items/ebfe/40ab1a2f4d6980a9e7d2c82954fe1745/BIG_SANDY_CREEK.json	BIG_SANDY_CREEK	BIG_SANDY_CREEK_2
items/ebfe/40c037e5482adfa1209e57e2e19ff492/ROCKY_CREEK.json	ROCKY_CREEK	ROCKY_CREEK_3
items/ebfe/4590c227a6d07ce3b87bd7f961129cf2/Little_Elm_Creek.json	Little_Elm_Creek	Little_Elm_Creek_1
items/ebfe/46e85d1df9bf605d1bac51d157791a4a/BRUSHY_CREEK.json	BRUSHY_CREEK	BRUSHY_CREEK_1
items/ebfe/4acade8934f513c2ac15efb07aaba558/LONG_BRANCH.json	LONG_BRANCH	LONG_BRANCH_1
items/ebfe/4b5c4edd571a2bf72303e003ef096da1/CLEAR_CREEK.json	CLEAR_CREEK	CLEAR_CREEK_1
items/ebfe/4c5b649c90391731cf913f210f92d633/COTTONWOOD_BRANCH.json	COTTONWOOD_BRANCH	COTTONWOOD_BRANCH_1
items/ebfe/4e9d4bddc257cec0b3d8345b4ec5d97c/SAND_CREEK.json	SAND_CREEK	SAND_CREEK_1
items/ebfe/50a966cad464aa1b387ad60a035e10f0/MULBERRY_CREEK.json	MULBERRY_CREEK	MULBERRY_CREEK_1
items/ebfe/52252d013e8d705541eb54b6dbd12e4a/SANDY_CREEK.json	SANDY_CREEK	SANDY_CREEK_1
items/ebfe/52435c0e9b46708cff92a6cd6c9f76b6/NEGRO_CREEK.json	NEGRO_CREEK	NEGRO_CREEK_1
items/ebfe/5c624a5501064346af09d8935f42c6f1/Turkey_Creek.json	Turkey_Creek	Turkey_Creek_3
items/ebfe/5c7224c7ad52372e95e2c5649d46c5ba/Jones_Creek.json	Jones_Creek	Jones_Creek_1
items/ebfe/5d78d5d092d1428ad1c4f83f802ba0ad/SANDY_CREEK.json	SANDY_CREEK	SANDY_CREEK_1
items/ebfe/5d802b52ec52fecdc8025b730e86552a/LITTLE_CEDAR_CREEK.json	LITTLE_CEDAR_CREEK	LITTLE_CEDAR_CREEK_1
items/ebfe/617a97013c1a4bfe441874c950a6d471/SPRING_BRANCH.json	SPRING_BRANCH	SPRING_BRANCH_1
items/ebfe/632871e7c78095f86671b21115a1b0c6/WALNUT_CREEK.json	WALNUT_CREEK	WALNUT_CREEK_1
items/ebfe/648211f048ff684a7192a68631c0e994/LONG_BRANCH.json	LONG_BRANCH	LONG_BRANCH_1
items/ebfe/64e8f03ad45b00b7331d058cf554d8f2/ROCK_CREEK.json	ROCK_CREEK	ROCK_CREEK_1
items/ebfe/667ede2f134cf39e049ac563d550aad1/Caney_Creek.json	Caney_Creek	Caney_Creek_1
items/ebfe/67deff7b02a04bca9a37aee3f25a6146/Hurricane_Branch.json	Hurricane_Branch	Hurricane_Branch_1
items/ebfe/6d9d6ee02593a639f53e4467ff45bea8/Timber_Creek_Trib_7.json	Timber_Creek_Trib_7	Timber_Creek_Trib_7_1
items/ebfe/735ac873d10a9afc9a32b45b637f282b/COTTONWOOD_CREEK.json	COTTONWOOD_CREEK	COTTONWOOD_CREEK_2
items/ebfe/753faf430e2e86248e54b65f472d57e8/RICHLAND_CREEK.json	RICHLAND_CREEK	RICHLAND_CREEK_1
items/ebfe/7649e265eca941fddbce1f91be4d2296/BRUSHY_CREEK.json	BRUSHY_CREEK	BRUSHY_CREEK_2
items/ebfe/78f38aa7de69b8209d9528054c75aa46/Mill_Creek.json	Mill_Creek	Mill_Creek_5
items/ebfe/7c8d1a1a35ac5e2a7a206a3bbbef1267/SANDY_CREEK_1.json	SANDY_CREEK_1	SANDY_CREEK_1_1
items/ebfe/814d599e91ab80976338e49cd437867d/BRUSHY_CREEK.json	BRUSHY_CREEK	BRUSHY_CREEK_2
items/ebfe/81c247d67bb5dddec6a774b394c44d69/Tributary_1.json	Tributary_1	Tributary_1_1
items/ebfe/880e81ab1a9118b0a782cda3ee71d8d5/BRUSHY_CREEK.json	BRUSHY_CREEK	BRUSHY_CREEK_1
items/ebfe/892890a0bb128931b097e13734a70cbd/Pin_Oak_Creek.json	Pin_Oak_Creek	Pin_Oak_Creek_1
items/ebfe/899737319243aa60245fdcfdc96d322c/WOLF_CREEK.json	WOLF_CREEK	WOLF_CREEK_1
items/ebfe/89a9a3b04d7833042dee47dbb5793170/Canadian_Sandy_Creek.json	Canadian_Sandy_Creek	Canadian_Sandy_Creek_1
items/ebfe/951dd1fa5bf949ac94781228b8108c33/TURKEY_CREEK.json	TURKEY_CREEK	TURKEY_CREEK_1
items/ebfe/95749e41e56c4ee5bd98fac55ecb1ec8/POST_OAK_CREEK.json	POST_OAK_CREEK	POST_OAK_CREEK_1
items/ebfe/98edb0c493f161bbb054bc0a6c5e35a3/Post_Oak_Creek.json	Post_Oak_Creek	Post_Oak_Creek_1
items/ebfe/9ad1e7d084f8d3630f445a83a84ff046/SANDY_CREEK.json	SANDY_CREEK	SANDY_CREEK_2
items/ebfe/9bf6e92ab647bc06fe1f319fe537a6d3/Dog_Creek.json	Dog_Creek	Dog_Creek_1
items/ebfe/9d742f16d32f4c388ff0e807a887cd78/SAND_CREEK.json	SAND_CREEK	SAND_CREEK_3
items/ebfe/a52a4517bbfb47383cfb97d023402c4d/Pond_Creek.json	Pond_Creek	Pond_Creek_2
items/ebfe/aaad5b21267c836e307235e075e11fb8/Beaver_Creek.json	Beaver_Creek	Beaver_Creek_1
items/ebfe/ac77fc80d0a1b7d10ced9209f6cb7e0a/BLACK_BRANCH.json	BLACK_BRANCH	BLACK_BRANCH_1
items/ebfe/af1972f54bf21d02979afefdf5859814/Flat_Rock_Creek.json	Flat_Rock_Creek	Flat_Rock_Creek_1
items/ebfe/b0616e7d4b99e87d464cb0fc918e3ce6/ROCKY_CREEK.json	ROCKY_CREEK	ROCKY_CREEK_5
items/ebfe/b1436c64baf8f96c3dd589152cbef260/Dry_Creek.json	Dry_Creek	Dry_Creek_1
items/ebfe/b4e3f8668ca47eab9e23efcc4932149d/Bear_Creek.json	Bear_Creek	Bear_Creek_1
items/ebfe/b682c3447da48f1ca3195cd273fb2ad4/CLEAR_CREEK_TRIBUTARY_26.json	CLEAR_CREEK_TRIBUTARY_26	CLEAR_CREEK_TRIBUTARY_26_1
items/ebfe/b7190ebb2f82741ecd60ef6d4c78f70d/Timber_Creek_Trib_3.json	Timber_Creek_Trib_3	Timber_Creek_Trib_3_1
items/ebfe/b76fbf48c9ca7ed41e12ea3fa53e3f3b/Indian_Creek.json	Indian_Creek	Indian_Creek_1
items/ebfe/bdaef485aba5ea0d361be94bd313a180/PANTHER_BRANCH.json	PANTHER_BRANCH	PANTHER_BRANCH_1
items/ebfe/bdb198809b921d77c43f9ced466b692b/Salt_Branch.json	Salt_Branch	Salt_Branch_2
items/ebfe/befc4d9a107f9e53f6904be61620ffef/BIG_BRANCH.json	BIG_BRANCH	BIG_BRANCH_1
items/ebfe/bfcdf29357e1cf2a2f1840c287cf6e02/Mill_Creek_2.json	Mill_Creek_2	Mill_Creek_2_1
items/ebfe/c4d6baa3688347e294ef104d93968438/SANDY_CREEK.json	SANDY_CREEK	SANDY_CREEK_3
items/ebfe/ca8b40955f61206deb91b2a6329fca55/Rush_Creek.json	Rush_Creek	Rush_Creek_1
items/ebfe/cbae967cd0ad3ef66daa1085d6b9b57e/MOORE_BRANCH.json	MOORE_BRANCH	MOORE_BRANCH_1
items/ebfe/cf7c287aa79099280caa0ddef616b287/Pine_Creek.json	Pine_Creek	Pine_Creek_1
items/ebfe/cf907f9e91ecbfd6f582b5022b2e480e/LIVE_OAK_CREEK.json	LIVE_OAK_CREEK	LIVE_OAK_CREEK_1
items/ebfe/d11b7c7fabbd4addbf4a9ad105dced25/Gum_Slough.json	Gum_Slough	Gum_Slough_2
items/ebfe/d1b4d4ec7e061b05650099d31e3fedc9/Coon_Branch.json	Coon_Branch	Coon_Branch_1
items/ebfe/d1e1417f285c3f05b319ae09db92b6d5/SAND_CREEK.json	SAND_CREEK	SAND_CREEK_1
items/ebfe/d3fe28d4d603d575360ab6055ea5e550/Turkey_Creek.json	Turkey_Creek	Turkey_Creek_1
items/ebfe/d9a58f752279bbafbaab51f4c8a603c8/SPRING_BRANCH.json	SPRING_BRANCH	SPRING_BRANCH_1
items/ebfe/d9d149f60bc327120e75b3e466f1ee39/CANEY_CREEK.json	CANEY_CREEK	CANEY_CREEK_1
items/ebfe/da7243aef45b00b8d78984c0a6aedd28/BIRD_CREEK.json	BIRD_CREEK	BIRD_CREEK_1
items/ebfe/db7c05875ca543caabd8f65a861a36a8/Lee_Creek.json	Lee_Creek	Lee_Creek_1
items/ebfe/dcd0ab7af6367f9add2c863b64e8707e/CEDAR_CREEK.json	CEDAR_CREEK	CEDAR_CREEK_1
items/ebfe/dd4eed1fd493a208f5d27e4ae852697e/CEDAR_CREEK.json	CEDAR_CREEK	CEDAR_CREEK_1
items/ebfe/dfc1e44a04daf35ed6a3678cec2dac9b/CEDAR_CREEK.json	CEDAR_CREEK	CEDAR_CREEK_1_1
items/ebfe/e0ba4e7d2cf6fdc6145b9d6ab2b46e5f/BIVENS_BRANCH.json	BIVENS_BRANCH	BIVENS_BRANCH_1
items/ebfe/e1a0a62ae05eef33edb83ab59fa9396c/ELM_CREEK.json	ELM_CREEK	ELM_CREEK_1
items/ebfe/e1eb49d75314c9a4bbeba37a93789d75/BIG_SANDY_CREEK.json	BIG_SANDY_CREEK	BIG_SANDY_CREEK_1
items/ebfe/e1ec5f08b94f14c56d4c8df4f79bb41d/BRUSHY_CREEK.json	BRUSHY_CREEK	BRUSHY_CREEK_3
items/ebfe/e23ba44c9a2a23c27f33db9a03b27f9a/Nancy_Branch.json	Nancy_Branch	Nancy_Branch_1
items/ebfe/e2ad4b259b57f39ac833010d97a7b444/Cottonwood_Creek.json	Cottonwood_Creek	Cottonwood_Creek_1
items/ebfe/e2bdca8cf6936a7ce8bc773ff3d4f996/Cedar_Creek.json	Cedar_Creek	Cedar_Creek_1
items/ebfe/e79b7bcac6b9476307f5ef71b75e5e7e/ROCK_CREEK.json	ROCK_CREEK	ROCK_CREEK_1
items/ebfe/e7b326a44060e456dda7c88e453edbf3/COTTONWOOD_CREEK_1.json	COTTONWOOD_CREEK_1	COTTONWOOD_CREEK_1_1
items/ebfe/eadd9c167f179d47f6dcbcba1395a969/SAND_CREEK.json	SAND_CREEK	SAND_CREEK_2
items/ebfe/eb642d8ef457c74a0c97a516d92e7ee9/Jumper_Creek.json	Jumper_Creek	Jumper_Creek_1
items/ebfe/ef24fa83ff4539db34dc97a217c12e1d/BULL_CREEK.json	BULL_CREEK	BULL_CREEK_1
items/ebfe/f23f55a3979c35c3ab8662d1396ce24f/TIMBER_CREEK_TRIB_9.json	TIMBER_CREEK_TRIB_9	TIMBER_CREEK_TRIB_9_1
items/ebfe/fcc87153951cf1158a3480f4a70b6dcd/Tributary_2.json	Tributary_2	Tributary_2_1
items/ebfe/fe8beb6cf34f96baaed9158087e58331/COTTONWOOD_CREEK.json	COTTONWOOD_CREEK	COTTONWOOD_CREEK_1
items/mip_30/03-NT-00064_f3c922c0b271054d7b66fd84a2e4e626c43f074c/Asbuilt.json	Asbuilt	Asbuilt_3
items/mip_30/05-06-1176P_628820fc4ac9cb5170a7a9cb14f78afb67dc16c5/LOMR.json	LOMR	LOMR_9
items/mip_30/06-03-A685S_37ab5f21b98a0b536e592ea0822933183706b7fb/CABINRN.json	CABINRN	CABINRN_1
items/mip_30/07-03-0442S_a80af3399c916f66b031b393f105a669167d0b7c/MiddleBr.json	MiddleBr	MiddleBr_1
items/mip_30/07-03-0442S_b91fbdcdbd97870c444234d8e359653e12b3bc8e/BurdetteCk.json	BurdetteCk	BurdetteCk_1
items/mip_30/07-03-0442S_c90e0063b9f4f779d6a37b2b3c029e3db6b35581/SpringCkT3.json	SpringCkT3	SpringCkT3_1
items/mip_30/07-03-0442S_e63c6e08c15b80c41ff71283340cd8a55eaec980/BigClearCk.json	BigClearCk	BigClearCk_1
items/mip_30/07-03-0442S_f2a7524008e4b4a0fc1ae09842a8d792a57e491a/RoaringCk.json	RoaringCk	RoaringCk_1
items/mip_30/07-04-2594P_37573afdc93944d17c6516df3d9c99b08f075897/final.json	final	final_6
items/mip_30/09-03-0015S_29564ac8db2c80ae517eb60109c013ba6c593c48/ElklickRun.json	ElklickRun	ElklickRun_1
items/mip_30/09-04-2657P_365b324edd43a71aee6e62ce872f748036918350/Proposed.json	Proposed	Proposed_9
items/mip_30/09-04-2657P_6abcc8f7bcaa0ecd32c244431e578ffedd40cb42/Existing.json	Existing	Existing_13
items/mip_30/09-05-3442P_1c992653ea9327536f39c6cb653ecbe25a701362/EFFECTIVE.json	EFFECTIVE	EFFECTIVE_5
items/mip_30/09-10-0167S_2e8f360c16b292549f73a753f8330f4f6f462d09/SF_north.json	SF_north	SF_north_1
items/mip_30/09-10-0167S_3515359662f3795d28e5b65d755e666445a512f6/sf_south.json	sf_south	sf_south_1
items/mip_30/10-04-4673P_78056f3b44b6941a953265c1bad3e7aef889a9a9/east_camp_creek.json	east_camp_creek	east_camp_creek_2
items/mip_30/11-10-0409S_3071e18ddcf1ce30c33f3cb554476267d8320e6d/BearCreek.json	BearCreek	BearCreek_5
items/mip_30/12-03-0844P_d5a4ba5d424eb3b039f6ccf32b20b9e85f114f8e/Final_existing.json	Final_existing	Final_existing_1
items/mip_30/12-04-7758P_a36badf1024918bb65e2461ff86c344de59c6898/trib2.json	trib2	trib2_4
items/mip_30/12-05-7153R_2029b99fd28bbd3480fa9c035a259085de9c4f54/proposedconditions.json	proposedconditions	proposedconditions_3
items/mip_30/13-03-0866P_0639c8bc8fef51af44f74a88082d3838f34e7bed/AsBuilt.json	AsBuilt	AsBuilt_2
items/mip_30/13-04-1482S_2fa7e8771367d2b49831c56d679206dd1922469e/Lick_Creek.json	Lick_Creek	Lick_Creek_2
items/mip_30/13-04-1482S_9af27507c4113c5f480c8130462289c315c3807a/Big_Branch.json	Big_Branch	Big_Branch_4
items/mip_30/13-04-1482S_bea7932659fd135b0a9e67a435990c8d40b6044a/Bear_Creek.json	Bear_Creek_1	Bear_Creek_1_1
items/mip_30/13-04-1482S_c56c57281d83c733ea37adbdf22598141255c1f5/Indian_Creek.json	Indian_Creek	Indian_Creek_14
items/mip_30/13-04-1482S_d70b658ca80d2faed5dd1be6beb6acf7c4a1b794/White_Oak_Branch.json	White_Oak_Branch	White_Oak_Branch_3
items/mip_30/13-06-1179S_7ea69d2b4a7eb75d8f99070667f19b77168c4973/Dry_Creek.json	Dry_Creek	Dry_Creek_12
items/mip_30/15-07-0334S_20404e085b83f0e9cd9b7b1011361b117d3a1961/JOHNS_CREEK.json	JOHNS_CREEK	JOHNS_CREEK_3
items/mip_30/15-07-0334S_cec1a850cfb09f9eed282a6a0da6ac985d64242b/Bear_Creek.json	Bear_Creek	Bear_Creek_1
items/mip_30/15-07-0334S_f60211c45b2879538041103c18ed88174b0921fb/Big_River.json	Big_River	Big_River_1
items/mip_30/15-07-0891S_33e797f5d1fa2aeed8b26adbe5e75f7ea5d26bdc/Elm_Creek.json	Elm_Creek	Elm_Creek_5
items/mip_30/15-07-0891S_547203de994496a70d5c9bb0dc8d0d4b68e14822/Little_Creek.json	Little_Creek	Little_Creek_3
items/mip_30/15-07-0891S_564ae68e9c4f2d322d3e40b64591bd16ec164ea2/Long_Branch.json	Long_Branch	Long_Branch_8
items/mip_30/15-07-0891S_5976f269335177fb3a957b5130db10d44c634b8b/Unnamed_11.json	Unnamed_11	Unnamed_11_5
items/mip_30/15-07-0891S_5addab5ad41d5a732e87010a9d4ad1002a7e2017/Willow_Creek.json	Willow_Creek	Willow_Creek_11
items/mip_30/15-07-0891S_6936cefd72ccba2c3efddf33e474ee604dc3e2f9/Unnamed_10.json	Unnamed_10	Unnamed_10_6
items/mip_30/15-07-0891S_a1b050e4d75c166c2672cce243c27b1c7b77ff79/Unnamed_13.json	Unnamed_13	Unnamed_13_4
items/mip_30/15-07-0891S_a66f60770419554952d2e25b30e9424794533aee/Jordan_Creek.json	Jordan_Creek	Jordan_Creek_5
items/mip_30/15-07-0891S_d600f516add572ecc430003978254e7f732778ed/Unnamed_12.json	Unnamed_12	Unnamed_12_5
items/mip_30/16-03-0904P_1f55037e4513da6757bd56c227ed6ef6af00589f/Pre.json	Pre	Pre_2
items/mip_30/16-03-0904P_91b8a15af558e24d3048423527d3f1d0ff0a5467/post.json	post	post_3
items/mip_30/16-03-2420S_f693f17e3a9778a810d5dc2a576afdb941ac7bba/rattlesnake_creek_2_ras.json	rattlesnake_creek_2_ras	rattlesnake_creek_2_ras_1
items/mip_30/16-03-2422S_1e7c19189bd676d94f6a93bc3e24928d4e59f6f3/EFF.json	EFF	EFF_1
items/mip_30/16-03-2422S_4b6bcb8ccb133d355def6300f3838a751193c005/Lehigh_River_3_ras.json	Lehigh_River_3_ras	Lehigh_River_3_ras_2
items/mip_30/16-05-2345S_425edd49e3db178d42b4bdaa3b4ff6e1f492601a/NegroCreek.json	NegroCreek	NegroCreek_2
items/mip_30/16-05-2345S_471a85f2965de90ecce64b3f413e2abd5c91b0b6/FawnRIver.json	FawnRIver	FawnRIver_2
items/mip_30/16-05-2345S_55c0590bee0dea6ac195d4915dd8d36d03d72e50/SpringBranch.json	SpringBranch	SpringBranch_1
items/mip_30/16-05-2345S_8b5431f86453f0adb5e99139ca4710a7d438b9f8/SouthForkWIldcat.json	SouthForkWIldcat	SouthForkWIldcat_3
items/mip_30/16-05-2345S_bc5f56ad4de8bcfa264ed80084574f4ac36d952c/SouthForkWildcat.json	SouthForkWildcat_1	SouthForkWildcat_1_1
items/mip_30/16-05-2345S_d89702a2fa1c75dec0ba536e3c38d0f53dd473be/DryBranch.json	DryBranch	DryBranch_2
items/mip_30/16-06-3598S_01ceade6590378f796b2bebe7f3e126204258c31/OPOSSUM_CREEK.json	OPOSSUM_CREEK	OPOSSUM_CREEK_2
items/mip_30/16-06-3598S_5d3ddf0cd087e52753b8f33af2edbc1895117cdc/Long_Branch_Tributary_2.json	Long_Branch_Tributary_2	Long_Branch_Tributary_2_1
items/mip_30/16-06-3598S_673d7a6c3d754f2eeab73fb3893d4efb9b59897e/SPRING_CREEK.json	SPRING_CREEK	SPRING_CREEK_18
items/mip_30/16-06-3598S_69a51e938ef4b5eda6a91a31368bcb02c69c7f40/ROCK_CREEK.json	ROCK_CREEK	ROCK_CREEK_11
items/mip_30/16-06-3598S_6a3cfe3472806e68bc10eb48e276eac226ed12b9/BROWNS_CREEK.json	BROWNS_CREEK	BROWNS_CREEK_1
items/mip_30/16-06-3598S_82919d931512cfcf3232d54bee2bb5e7fb195398/HONEY_CREEK.json	HONEY_CREEK	HONEY_CREEK_12
items/mip_30/16-06-3598S_8aafec28a145ec6e2eb82fd9824532b71d84a010/SNAKE_CREEK.json	SNAKE_CREEK	SNAKE_CREEK_3
items/mip_30/16-06-3598S_8c51bfbabe0b007c67feddc64ef2b0c776223680/BLUE_CREEK.json	BLUE_CREEK	BLUE_CREEK_2
items/mip_30/16-06-3598S_8d61d1aed070d91ec69b7f8768c14655c9939104/SAND_CREEK.json	SAND_CREEK	SAND_CREEK_6
items/mip_30/16-06-3598S_96bc3e4859357a2e14fa167986311e87817fdff8/SMITH_CREEK.json	SMITH_CREEK	SMITH_CREEK_4
items/mip_30/16-06-3598S_b18046f091c0bfd18d83f19a06d6e3caa379c470/WOLF_CREEK.json	WOLF_CREEK	WOLF_CREEK_12
items/mip_30/16-06-3598S_d50fd7bb69708b6f8cb6c5a3de990f8011d0a3c9/FALL_CREEK.json	FALL_CREEK	FALL_CREEK_2
items/mip_30/16-06-3598S_d88cd4755a7234c37ce5043546fb0408a6300452/COAL_CREEK.json	COAL_CREEK	COAL_CREEK_4
items/mip_30/16-06-3598S_f7e4ce337fe8b08908b2004ddfb8015ad77beb7f/SPRING_CREEK_TRIBUTARY_1.json	SPRING_CREEK_TRIBUTARY_1	SPRING_CREEK_TRIBUTARY_1_1
items/mip_30/16-06-3598S_fc9b206f783e822f87738dccee82d11e2116958b/TURKEY_CREEK.json	TURKEY_CREEK	TURKEY_CREEK_11
items/mip_30/16-07-2070S_4d4e0477d2d8f0a1383854199361b97e597166f2/Deer_Creek.json	Deer_Creek_2	Deer_Creek_2_1
items/mip_30/17-07-0179S_470fdef4d6ecdf20f6419390440922f53ba97ab2/BEAR_CREEK.json	BEAR_CREEK	BEAR_CREEK_10
items/mip_30/17-07-0179S_7406d13ec6295ca2a89d81022efa174e86ebe97d/BLACK_CREEK_Trib_1.json	BLACK_CREEK_Trib_1	BLACK_CREEK_Trib_1_1
items/mip_30/17-07-0179S_9d9d7f77e4987d417409800e2f53b4bb607ed6fc/NORTH_FABIUS_RIVER.json	NORTH_FABIUS_RIVER	NORTH_FABIUS_RIVER_2
items/mip_30/17-07-0183S_770beea51596ef8ac6b9038ff99dd6496c37d3f1/trib1.json	trib1	trib1_6
items/mip_30/17-07-0196S_0812111be6cb577e545d2a9e3b6b7de2956f25fe/SOUTH_FABIUS_RIVER_TRIB_1.json	SOUTH_FABIUS_RIVER_TRIB_1	SOUTH_FABIUS_RIVER_TRIB_1_1
items/mip_30/17-07-0196S_e8aaa582fa069ef62b303f55906480816c2644bb/NORTH_RIVER_TRIB_2.json	NORTH_RIVER_TRIB_2	NORTH_RIVER_TRIB_2_1
items/mip_30/17-07-0198S_5b9ea40c2e51ca54576d0483fcc247ffe17e62f1/WOLF_CREEK_Trib_3.json	WOLF_CREEK_Trib_3	WOLF_CREEK_Trib_3_1
items/mip_30/17-07-0198S_7dbf1126d1bd081abab8589a16cca5aa074c6c1d/Wolf_Creek.json	Wolf_Creek	Wolf_Creek_1
items/mip_30/17-07-0198S_d5765dfb1d9f3cd1e86c9f2a144fe143f150bf0b/Wolf_Creek_Trib_1.json	Wolf_Creek_Trib_1	Wolf_Creek_Trib_1_1
items/mip_30/17-07-0198S_e4b6b44782cbef357a4e255d3ec9d447efdb2549/Whetstone_Creek.json	Whetstone_Creek	Whetstone_Creek_1
items/mip_30/17-07-0198S_e8bef8bc84762f6d7cc5752273d796a0163f6ea5/WOLF_CREEK_Trib_2.json	WOLF_CREEK_Trib_2	WOLF_CREEK_Trib_2_1
items/mip_30/17-07-0198S_f0bbd7fec32ec8e10a9bc842e4b7d7ce88e87851/RIPPEE CREEK Trib 1.1.stac.json	RIPPEE CREEK Trib 1.1	RIPPEE_CREEK_Trib_1.1
items/mip_30/17-07-0519S_fb160e0e4741b2357578d125e02e456c2594c681/Mine_Breton_Creek.json	Mine_Breton_Creek	Mine_Breton_Creek_1
items/mip_30/17-07-0683S_995c7983b4c8f1416a1041fe53042c06a8ca70db/Clear_Creek.json	Clear_Creek	Clear_Creek_9
items/mip_30/17-07-0683S_aa738fdedab93b0696a6f642cbdeeb009a79d8f7/Little_Indian_Creek_Trib_2.json	Little_Indian_Creek_Trib_2	Little_Indian_Creek_Trib_2_1
items/mip_30/17-07-0683S_f03c9e644147a152cfb1b592a7342cf4708aac9b/Indian_Creek_Trib_3.json	Indian_Creek_Trib_3	Indian_Creek_Trib_3_1
items/mip_30/18-03-1140R_491973234c14df3d3d7ae3516d15e36832927ecb/Floodway.json	Floodway	Floodway_8
items/mip_30/18-07-0011S_0378aa0fea6593bb0ac6dd4e128c675483b02a6c/Timber_Creek.json	Timber_Creek	Timber_Creek_2
items/mip_30/18-07-0011S_2943fb4e08e8a968dcea67a23483ccafb709065c/Hog_Creek.json	Hog_Creek	Hog_Creek_4
items/mip_30/19-03-0005S_0c945b4d7bab81aa12b36ed6ad09d5bb4fbf664a/DRY_BRANCH.json	DRY_BRANCH	DRY_BRANCH_7
items/mip_30/19-03-0028S_262f3923d2ea0f846bd1fcc6a49ab5246574b0ed/HOWARDCK.json	HOWARDCK	HOWARDCK_1
items/mip_30/19-03-0028S_46f54dfbd2ab42c56cb2c323cf9cb9721a2fac25/COLDSPRBR.json	COLDSPRBR	COLDSPRBR_1
items/mip_30/19-03-0028S_7f846d9f5d7f7098ef31c79a581507f911fc91b9/MCMILLCK.json	MCMILLCK	MCMILLCK_1
items/mip_30/19-03-0028S_bad0f36cb05831ed2354a9fdf9a6e7b544a8b8e0/SPRINGCK.json	SPRINGCK	SPRINGCK_1
items/mip_30/19-03-0028S_d2c66ad71587940b1cbf95c91d010de62f7d8c6a/DODSONBR.json	DODSONBR	DODSONBR_1
items/mip_30/19-03-0032S_0259aa6d7e5c475cc5ff0111600b3559e83fcd83/Sandy_Creek.json	Sandy_Creek	Sandy_Creek_4
items/mip_30/19-03-0032S_1768a4f4745cafea8bc165f2d22dca9afbbe4bf6/Buck_Branch.json	Buck_Branch	Buck_Branch_1
items/mip_30/19-03-0032S_1c498f28412cef02bf0991cce176a3920448997b/Jones_Creek.json	Jones_Creek	Jones_Creek_5
items/mip_30/19-03-0032S_25cd7af9b0a865af9790619bcb11a65d300d1b30/Mill_Creek.json	Mill_Creek	Mill_Creek_14
items/mip_30/19-03-0032S_2d0b1b9fc48097c3431808cd1e83d518dd5f21fc/Grassy_Branch.json	Grassy_Branch	Grassy_Branch_1
items/mip_30/19-03-0032S_3471e733a966f542e51516142a3cabfed44c92f1/Big_Branch.json	Big_Branch_1	Big_Branch_1_1
items/mip_30/19-03-0032S_366a65d174e164cfcafb8bc7f492d95002e26e7c/Rough_Creek.json	Rough_Creek	Rough_Creek_2
items/mip_30/19-03-0032S_c62e81b3cc2232975511e4edb5b1f8cef85da2ba/Hughes_Creek.json	Hughes_Creek	Hughes_Creek_1
items/mip_30/19-06-0038S_21170fa2467b877eb472bf85791b5f5b3c874ded/Cedar_Creek.json	Cedar_Creek	Cedar_Creek_2
items/mip_30/19-06-0038S_9aa237ea1a07d110c3e566a2060d3c7b08f29306/NEGRO_CREEK.json	NEGRO_CREEK	NEGRO_CREEK_1
items/mip_30/19-06-3706P_ebab0027547f80344f2733b69666cf268bee656a/nncCEMCLOMR.json	nncCEMCLOMR	nncCEMCLOMR_1
items/mip_30/20-06-0092S_084447690c3d7dfb3667fc3d50e999881a3bb4e3/Dry_Branch.json	Dry_Branch_1	Dry_Branch_1_1
items/mip_30/20-06-0092S_2478981a2beb7232cda7b972a215a4c0d638f002/Hog_Creek.json	Hog_Creek_1	Hog_Creek_1_1
items/mip_30/20-06-0092S_2fe12f221dedef46fb92682d65e6991dc89146cb/CEDAR_CREEK.json	CEDAR_CREEK	CEDAR_CREEK_1
items/mip_30/20-06-0092S_3c478e4e293612708a8866d0297644a57dd03f0f/Piney_Creek.json	Piney_Creek	Piney_Creek_2
items/mip_30/20-06-0092S_46de8f0dbc3f331de703cfa656af7b463d5eac07/HICKORY_CREEK.json	HICKORY_CREEK	HICKORY_CREEK_4
items/mip_30/20-06-0092S_4aab9122879e74043091ce342411ff8f38c5a5e2/Prairie_Creek.json	Prairie_Creek	Prairie_Creek_15
items/mip_30/20-06-0092S_66dc29a0b0fc6860bc0ee48ad776755da47ef69e/DOG_CREEK.json	DOG_CREEK	DOG_CREEK_1
items/mip_30/20-06-0092S_783227bb3f6011dfa2392783285f9dcee3ee11eb/Elder_Branch.json	Elder_Branch	Elder_Branch_1
items/mip_30/20-06-0092S_9bdb2f5e91f4a35387909d6868c762614cdf2725/Coon_Creek.json	Coon_Creek	Coon_Creek_11
items/mip_30/20-06-0092S_a22ab6f118f6ed1e652f162de91afb42566e22f8/Mill_Creek_1.json	Mill_Creek_1	Mill_Creek_1_3
items/mip_30/20-06-0092S_aabeb47b91ef18da90dc28660baf01240f7dfc00/Caney_Creek.json	Caney_Creek	Caney_Creek_1
items/mip_30/20-06-0092S_ba14cb17e64cad3342ee59defb7823ec99034072/Blue_Branch.json	Blue_Branch	Blue_Branch_1
items/mip_30/20-06-0092S_da464bb072f90cb568f767f5c54300ac8f558189/Mud_Creek.json	Mud_Creek	Mud_Creek_1
items/mip_30/20-06-0092S_f30aa1e26ef1cd1d20dfe1a5bf73bd86bbc57ee6/Pine_Creek.json	Pine_Creek	Pine_Creek_1
items/mip_30/20-06-0094S_00b1ebeb85888ea2c4802bb01f2aa5275389f805/GLADE_CREEK.json	GLADE_CREEK	GLADE_CREEK_2
items/mip_30/20-06-0094S_02b4a8e2c8f53110ce1661a579dd979c38181559/CEDAR_CREEK.json	CEDAR_CREEK	CEDAR_CREEK_11
items/mip_30/20-06-0094S_0ee471e5a781c6a79731258868667a187b4fddc6/Dry_Creek_1.json	Dry_Creek_1	Dry_Creek_1_1
items/mip_30/20-06-0094S_10a8d9102085eaeb776e97c9d8f7f0b557a836c2/Boggy_Creek.json	Boggy_Creek	Boggy_Creek_3
items/mip_30/20-06-0094S_16d83119be468a8a406ae13409b747b0828f390f/Mulberry_Creek.json	Mulberry_Creek	Mulberry_Creek_1
items/mip_30/20-06-0094S_17c4b1d955c57d50f6f519a8fcd4dea2d15a86f8/WOLF_CREEK_TRIB_1.json	WOLF_CREEK_TRIB_1	WOLF_CREEK_TRIB_1_1
items/mip_30/20-06-0094S_18b9514db31ac4829d40efbafef20f5a674ec397/Long_Branch.json	Long_Branch_1	Long_Branch_1_1
items/mip_30/20-06-0094S_32423e4870fe52cc70e1853f575015822ca5e702/BEECH_CREEK.json	BEECH_CREEK	BEECH_CREEK_1
items/mip_30/20-06-0094S_3428cee31663df7d52cae7729ccdde937df7fb1d/Camp_Branch.json	Camp_Branch	Camp_Branch_1
items/mip_30/20-06-0094S_390dd74b5fcfd345bc8e2df130302e0a4ef5966f/GUM_SLOUGH.json	GUM_SLOUGH	GUM_SLOUGH_1
items/mip_30/20-06-0094S_482c61cc7e53f32db2f4ee6fd0361384148522f6/BIG_CREEK.json	BIG_CREEK	BIG_CREEK_7
items/mip_30/20-06-0094S_4beba85fb47527f50083faa56acd8a56c2d8ff9c/WOLF_CREEK_TRIB_2.json	WOLF_CREEK_TRIB_2	WOLF_CREEK_TRIB_2_1
items/mip_30/20-06-0094S_4f1cc69ce3d9e872c0545a57b469d2ff465cb2bb/Turkey_Creek.json	Turkey_Creek_1	Turkey_Creek_1_1
items/mip_30/20-06-0094S_534d51a77519530ffc487475df8daef858100211/ADAMS_BAYOU.json	ADAMS_BAYOU	ADAMS_BAYOU_1
items/mip_30/20-06-0094S_61b240af36669948d38a5b6a069f5b0798ee114b/CLEAR_CREEK.json	CLEAR_CREEK_1	CLEAR_CREEK_1_1
items/mip_30/20-06-0094S_685332ea9cfb70dada07af403a4ddb09a1b9c394/SALT_BRANCH.json	SALT_BRANCH	SALT_BRANCH_1
items/mip_30/20-06-0094S_68dfa9469dc2efa955e2f578d38c2116ed5bd503/SPRING_BRANCH.json	SPRING_BRANCH	SPRING_BRANCH_10
items/mip_30/20-06-0094S_766ecf85e6ee177fd59079f85567e94d157263da/INDIAN_CREEK.json	INDIAN_CREEK	INDIAN_CREEK_1
items/mip_30/20-06-0094S_850cbea88a0bab54a9aefaff4afa62d958f54a20/COON_BRANCH.json	COON_BRANCH	COON_BRANCH_1
items/mip_30/20-06-0094S_8a74821dfac609be25f05dbdd98bf5550c1a8017/Mill_Creek.json	Mill_Creek	Mill_Creek_1
items/mip_30/20-06-0094S_8ce14465156290724ea089dc330cefdab9d9799a/LITTLE_SANDY_CREEK.json	LITTLE_SANDY_CREEK	LITTLE_SANDY_CREEK_1
items/mip_30/20-06-0094S_92a82e1c95d114dc0f6a8fed47b01952da038017/Robinson_Branch.json	Robinson_Branch	Robinson_Branch_2
items/mip_30/20-06-0094S_9bb18a9ba3afc482cc83f1440160147215409036/Clear_Branch.json	Clear_Branch	Clear_Branch_2
items/mip_30/20-06-0094S_a14e86984c1e1eb752ce54621d805679533853c1/LIBERTY_CREEK.json	LIBERTY_CREEK	LIBERTY_CREEK_1
items/mip_30/20-06-0094S_a2883b02789beb5051c8680d1fe14bd12aabb8f4/CANE_BRANCH.json	CANE_BRANCH	CANE_BRANCH_1
items/mip_30/20-06-0094S_a4784eb0c3246f3744a2858613aa388f1a772e49/Dry_Creek_2.json	Dry_Creek_2	Dry_Creek_2_1
items/mip_30/20-06-0094S_a79dda3fb583b393fd29dde46c65a08f1f66f949/ROCKY_CREEK_1.json	ROCKY_CREEK_1	ROCKY_CREEK_1_1
items/mip_30/20-06-0094S_b1437ad1787388e8da0467d30135b6d343da9e52/BULL_CREEK.json	BULL_CREEK	BULL_CREEK_1
items/mip_30/20-06-0094S_b59ba87b640c65974211bc9215e4429027b5be7b/HURRICANE_BRANCH.json	HURRICANE_BRANCH	HURRICANE_BRANCH_2
items/mip_30/20-06-0094S_b84f3951c8e4fbf3c834d5b916d93c7a5148ab8f/Peavine_Creek.json	Peavine_Creek	Peavine_Creek_1
items/mip_30/20-06-0094S_bbb92d121cc07d682af2da54e1cc0e1298598d4e/Chambers_Creek.json	Chambers_Creek	Chambers_Creek_2
items/mip_30/20-06-0094S_bd233903fcca9141307f631a8f1562015d7fe971/MARTIN_CREEK.json	MARTIN_CREEK	MARTIN_CREEK_1
items/mip_30/20-06-0094S_be37b7aec6681cabf6ae9d0d64e977c7f3fa37e7/Wood_Creek.json	Wood_Creek	Wood_Creek_1
items/mip_30/20-06-0094S_c5ddae860eb530bec87724ab9242b0c70667dfae/Mill_Branch.json	Mill_Branch	Mill_Branch_4
items/mip_30/20-06-0094S_ca8e3b7413b77ae98bf736d87173893d1b973682/GUM_GULLY.json	GUM_GULLY	GUM_GULLY_1
items/mip_30/20-06-0094S_e47dc9827982e1adb6eeed22bae2c301b968b204/Nash_Creek.json	Nash_Creek	Nash_Creek_2
items/mip_30/20-06-0094S_fd92976e835fcb83ed7b79c6e50de9d050c66c52/CANEY_CREEK.json	CANEY_CREEK	CANEY_CREEK_1
items/mip_30/20-10-0003S_2dd238cd6688f7d77e71bec2e6d6b9dc8ed7c388/omak_creek.json	omak_creek	omak_creek_2
items/mip_30/21-02-0008S_35857217e74bd3ea9077668e1f5d91ed5dc76bfb/UNNAMED_30.json	UNNAMED_30	UNNAMED_30_1
items/mip_30/21-02-0008S_3aba9ae13c19ad108089b93802419e03710592f6/UNNAMED_18.json	UNNAMED_18	UNNAMED_18_3
items/mip_30/21-02-0008S_3de1026805f9063eea13ea31974446bab29b0c1f/UNNAMED_14.json	UNNAMED_14	UNNAMED_14_5
items/mip_30/21-02-0008S_51c6eaa117db78d1441516eaddf33e5d5c905d5b/UNNAMED_21.json	UNNAMED_21	UNNAMED_21_2
items/mip_30/21-02-0008S_6885c2b5ba8961fead8482b85400471cd79f956f/UNNAMED_34.json	UNNAMED_34	UNNAMED_34_1
items/mip_30/21-02-0008S_7975420a9b18d1f497106a96d860940d6a540818/UNNAMED_17.json	UNNAMED_17	UNNAMED_17_5
items/mip_30/21-02-0008S_d88b3ed96c035a5936333a2bfff4a00efa3eb805/UNNAMED_26.json	UNNAMED_26	UNNAMED_26_1
items/mip_30/21-03-0008S_108d01b312fef593d45099212fd3b913da7cc318/PATTERSNCK.json	PATTERSNCK	PATTERSNCK_1
items/mip_30/21-03-0025S_09c51687cabf9ec675202239743677bcee7fe250/Long_Branch.json	Long_Branch_2	Long_Branch_2_2
items/mip_30/21-03-0025S_31abf8e44f750cd0916a3b142e13f2c92c65c276/Mitchell_Branch.json	Mitchell_Branch	Mitchell_Branch_2
items/mip_30/21-03-0025S_59eaf647aeea716d1b0cef4dff04912c3708b57f/Grapevine_Creek.json	Grapevine_Creek	Grapevine_Creek_1
items/mip_30/21-03-0025S_6bd387b8bc058fb331ece352c15087f30ed26c05/Fivemile_Creek.json	Fivemile_Creek	Fivemile_Creek_1
items/mip_30/21-03-0025S_869891ac9ebdfc80773b8d8aa1c57d23e19ca8e9/Johns_Branch.json	Johns_Branch	Johns_Branch_1
items/mip_30/21-03-0025S_f5f26a792eddbc8cf539b9627fb5d8defa99c121/Twin_Branch.json	Twin_Branch	Twin_Branch_1
items/mip_30/21-03-0800P_30462f765a45554ac9bd9b2ae816e4ef0c65672a/Piper_Spring.json	Piper_Spring	Piper_Spring_2
items/mip_30/22-03-0302P_f225f767b06dde4628fac7b5f31963c258cd6549/s352.json	s352	s352_1
items/mip_30/22-03-0302P_fd0bcd205849762e66f6d36f9434ac8d12335cf6/S352.json	S352	S352_1
items/mip_30/22-03-0449R_f8bce4271ec0a4ad2121dbcb4add35dbc087362b/Schuylkill-PreCon.json	Schuylkill-PreCon	Schuylkill-PreCon_1
items/mip_30/MICS_12259_01a53f106a0104cc80a0a498e3afce9f9e531c61/GOOSE_CREEK.json	GOOSE_CREEK	GOOSE_CREEK_5
items/mip_30/MICS_12259_0b07985dfa4cea851e81cee906320de4fdb95897/DRY_BRANCH.json	DRY_BRANCH_3	DRY_BRANCH_3_1
items/mip_30/MICS_12798_137cff5e6993ebc7d6a78197b9a1e547eb577164/Negro_Creek.json	Negro_Creek	Negro_Creek_2
items/mip_70/05-08-0608P_fa6172c40399017efc85a48ff88f04cb12e1fb3b/floodway.json	floodway_2	floodway_2_1
items/mip_70/06-07-B122S_c9b233b59b3c91b1764b9f90e4d1edefff059410/asbuilt.json	asbuilt_1	asbuilt_1_1
items/mip_70/07-03-0199R_67168080c717030ec6ac0ac5b4a1495d5918d7d8/Duplicate.json	Duplicate	Duplicate_3
items/mip_70/07-04-0384R_11ca0b079487c92f96345cbaf0aa3c6f7b09ac06/effective.json	effective	effective_4
items/mip_70/07-06-0334P_2fce0a9557955f1f93d7fb93dd9dcfaed00f258d/AsBuilt.json	AsBuilt_1	AsBuilt_1_2
items/mip_70/07-06-0375P_8b1ecdd82edfff9c21c0ed27d889daeb7d353ddf/PreProject.json	PreProject	PreProject_3
items/mip_70/07-08-0455R_f60b9eff0ed60755b155eebbf2c8e00b45aabdc4/CorrEff.json	CorrEff	CorrEff_2
items/mip_70/07-08-0663R_96fbea70f9cc18e3f5a31cf585eec8a16f64cc55/DUPLICATE_EFFECTIVE.json	DUPLICATE_EFFECTIVE	DUPLICATE_EFFECTIVE_6
items/mip_70/07-08-0723P_303d642a8426dd2e14edbc65926c03fe0e646411/PREEXISTING.json	PREEXISTING	PREEXISTING_1
items/mip_70/08-03-1552P_8b9943e1b86ba23d5e23f7c8a5b5252505614e3d/correff.json	correff_1	correff_1_1
items/mip_70/08-05-4308R_a502c18058600e42fba089009797711eb8f7e727/Effective.json	Effective_2	Effective_2_1
items/mip_70/08-06-0625R_89ad3f313f2eef28d17c578d465b7f5ea70c5db5/fema.json	fema	fema_3
items/mip_70/08-07-0138P_ec6f562050cf8247520bed70359684c124ff0669/floodway.json	floodway_3	floodway_3_1
items/mip_70/08-08-0265R_32465cfbefd8e3e4ecee25391e769aa0bac3b57b/Postproject.json	Postproject	Postproject_2
items/mip_70/08-08-0265R_398d7763c5da9d7718d2cb4354fb76046b3ed167/Preproject.json	Preproject	Preproject_2
items/mip_70/08-08-0373R_2ce66c3072085e1c7a1e787dcc69f805e3655f04/DUPLICATE.json	DUPLICATE	DUPLICATE_4
items/mip_70/08-08-0373R_ab84c8118e79abd9544ea2fb04dfc3ca6d8854c0/EFFECTIVE.json	EFFECTIVE_1	EFFECTIVE_1_2
items/mip_70/08-08-0373R_dac59a1787312328090dae7102c7a00be839a130/PROPOSED.json	PROPOSED_1	PROPOSED_1_1
items/mip_70/08-08-0715R_b2ece0fc73983ab8c3d54c59dfe00afd40f42a04/ENCROACHMENT.json	ENCROACHMENT	ENCROACHMENT_3
items/mip_70/08-09-0823P_c000246afc5636d458a20e721c99df3ec7cabe34/Duplicate_effective.json	Duplicate_effective	Duplicate_effective_5
items/mip_70/09-01-0125P_989e1541555180139df8dc454149f870492ca3db/HECRAS.json	HECRAS	HECRAS_1
items/mip_70/09-03-1723P_c154fb55725ecf850214e6ce31747813fc5d8abd/SpringCreek.json	SpringCreek	SpringCreek_2
items/mip_70/10-06-1117S_4fa2e5ba00d75cbc80aff75cc3de3852761d5b17/PittmanCreek.json	PittmanCreek	PittmanCreek_7
items/mip_70/10-06-1117S_9703c8b99dc0390b6d17fe27754cbaa1af33f27b/PittmanCreek.json	PittmanCreek_1	PittmanCreek_1_1
items/mip_70/10-06-1117S_def8f0fdd770a5a6e53b6bf86a34c0445ba54fba/PittmanCreek.json	PittmanCreek_2	PittmanCreek_2_1
items/mip_70/11-04-7660S_00bf0df3e92766e409203186f32a93eacdf71cc8/LITTLE_SWIFT_CREEK_FINAL.json	LITTLE_SWIFT_CREEK_FINAL	LITTLE_SWIFT_CREEK_FINAL_1
items/mip_70/11-04-7660S_fd5d87453ece9f9d27abe29e0f424e38f15f4f1b/Swift_Creek_FINAL.json	Swift_Creek_FINAL	Swift_Creek_FINAL_1
items/mip_70/11-05-1531S_00080ae601017ebe8d95112b7edec5141e332fb2/Basehyd.json	Basehyd_1	Basehyd_1_1
items/mip_70/11-05-1531S_037d9befa63baa2eac2faeb8d15cc2746fbdf6ab/BASEHYD.json	BASEHYD	BASEHYD_5
items/mip_70/11-05-1531S_17ebe0eb11a315aa8e1bf377fb743424388beb80/Final.json	Final_1	Final_1_1
items/mip_70/11-05-1531S_3a972073e73c9249635100abaf17c95b0cbf1a17/Basehyd.json	Basehyd_2	Basehyd_2_1
items/mip_70/11-05-1531S_921636262c6a12e487aa0f1368935b2c1b4c1326/Gloede.json	Gloede	Gloede_1
items/mip_70/12-04-7916S_46240fa0c0f3edba3153e744ffd7396ccc55db3b/Robinson_Creek.json	Robinson_Creek	Robinson_Creek_2
items/mip_70/12-06-1142S_15619d40c0482a0cb3a97a503b6041f5c5acc5f0/BOONEBRANCH.json	BOONEBRANCH	BOONEBRANCH_2
items/mip_70/12-06-1142S_db8e528ef9b30deb7ef4437c1eb9be0c546b258e/EAGLEBRANCH.json	EAGLEBRANCH	EAGLEBRANCH_2
items/mip_70/12-08-0544P_c8db762f746267cec768f4ae3e0eac53dc2d99ad/As_built.json	As_built	As_built_1
items/mip_70/12-09-0057R_08ca87f87674f1d4f2a4f6e1cc2e1c2b818c7cc1/rattlesnake.json	rattlesnake	rattlesnake_2
items/mip_70/13-04-1879S_a7e9144d1d5716ec9bd98f708fcd9a94e76d2252/Little_Sandy_Creek_Trib_1.json	Little_Sandy_Creek_Trib_1	Little_Sandy_Creek_Trib_1_1
items/mip_70/14-06-1543S_3931ee6064f1740ee86e727f387d71238bd6ef5a/Hill_Creek.json	Hill_Creek	Hill_Creek_2
items/mip_70/14-06-1543S_3aebdf57dc667792e657903090c508d6865aebb1/Hill_Creek.json	Hill_Creek_1	Hill_Creek_1_1
items/mip_70/14-06-1543S_63da5e12b44e6857d90c0c2e8dbe893364ac2769/Cedar_Creek.json	Cedar_Creek_1	Cedar_Creek_1_1
items/mip_70/14-06-1543S_7287c7370a02e0e6e49b1d0ea06c72c7ad929c22/Cottonwood_Creek_South.json	Cottonwood_Creek_South	Cottonwood_Creek_South_1
items/mip_70/14-06-1543S_8d3ac1753d78cdd80be751b42c9febebe23939e5/KING_CREEK.json	KING_CREEK	KING_CREEK_1
items/mip_70/14-06-1543S_b309f3e20214e623ee42b29ef161cff3be4660bd/PECAN_CREEK.json	PECAN_CREEK	PECAN_CREEK_2
items/mip_70/14-06-1543S_bc60bb05c922d0ea8999eecb8b13a2a8c7027e12/CEDAR_CREEK.json	CEDAR_CREEK	CEDAR_CREEK_2
items/mip_70/15-07-0894S_5f6664c600297605d5af0944de9d2cd1a2fab737/Brushy_Creek.json	Brushy_Creek	Brushy_Creek_4
items/mip_70/15-07-0895S_1a85da4adcbdd445206a011d9ab0d0e2a7d83d6b/Rock_Creek.json	Rock_Creek_2	Rock_Creek_2_1
items/mip_70/15-07-0895S_c4f829d781381fd7ae8ecd8d1f3e775631ec02d1/Long_Branch.json	Long_Branch_4	Long_Branch_4_1
items/mip_70/15-07-0895S_c6beae9a1176d4d2546a4e752d9c84a9144fc4d7/Tarkio_River.json	Tarkio_River	Tarkio_River_2
items/mip_70/15-07-0895S_d0be6f9272d693f4c0439803af32faf72ac997a5/Buck_Creek.json	Buck_Creek	Buck_Creek_8
items/mip_70/15-07-0898S_6cee25982678e72f4e0533aa0d433f82bf7696fd/Fourmile_Creek.json	Fourmile_Creek	Fourmile_Creek_4
items/mip_70/15-07-0898S_a59c72a4bd2f906afb833bd0d256df024f2f3e3a/Spring_Creek.json	Spring_Creek_2	Spring_Creek_2_3
items/mip_70/15-07-0898S_a6d59bbb10ce014a765f2b2c53d23aab8ffe9b9d/Prairie_Creek.json	Prairie_Creek_1	Prairie_Creek_1_1
items/mip_70/15-07-0900S_5d08aea7b2bc020a89cc8a8d02c84071dc16323c/Unnamed_25.json	Unnamed_25	Unnamed_25_2
items/mip_70/15-07-0900S_86a527fed0a3d887ff84f19f848c691e631be334/Unnamed_20.json	Unnamed_20	Unnamed_20_3
items/mip_70/15-07-0900S_86b2dcec3a4c50b4d6b59812ef13bce95f25fc63/Unnamed_16.json	Unnamed_16	Unnamed_16_4
items/mip_70/15-07-0900S_afd88c996baefa9689f272e17f1f241a19abdf2b/Unnamed_19.json	Unnamed_19	Unnamed_19_3
items/mip_70/15-07-0900S_c48d87cd05d62d45be0565d8c8289f90fa4f66f7/Dry_Branch.json	Dry_Branch_2	Dry_Branch_2_1
items/mip_70/15-07-0900S_cc3100b06f831458d41437ff9cad0ffd02491176/Unnamed_15.json	Unnamed_15	Unnamed_15_4
items/mip_70/15-07-0900S_dcc09c02f0dd347b77bba913089a17a0f065b8e6/Unnamed_24.json	Unnamed_24	Unnamed_24_2
items/mip_70/15-07-0900S_e15ef450733aed6164d4adc82297835fdcf2e5bf/Little_Creek_Tributary_1.json	Little_Creek_Tributary_1	Little_Creek_Tributary_1_1
items/mip_70/15-07-0900S_f1e6515487ca76d5a5cd9a932af1af4408e15046/Wolf_Creek.json	Wolf_Creek_1	Wolf_Creek_1_1
items/mip_70/15-07-0903S_8869183911b40423318f256101392356699997be/Plum_Creek.json	Plum_Creek	Plum_Creek_6
items/mip_70/15-08-0119S_26553e50ea298479f9cc75d8ae1c4657439b00d2/SPRING_CREEK.json	SPRING_CREEK_1	SPRING_CREEK_1_2
items/mip_70/15-08-0119S_f7e3b34f5830c8f2a09324ebf6e230dda0a72caf/ENCAMPMENT_RIVER.json	ENCAMPMENT_RIVER	ENCAMPMENT_RIVER_1
items/mip_70/16-04-5708S_8e04bdd5b603baae5cf2c60cd141bbfa1ca7e25a/Greenbriar_Creek.json	Greenbriar_Creek	Greenbriar_Creek_1
items/mip_70/16-04-5951R_2065a210f687a4dd1d1a8c3ddeed8fa637f003e7/EXISTING.json	EXISTING	EXISTING_12
items/mip_70/16-04-5951R_a265d959a813d2db43dfc7db157db439151eb0af/DUPLICATE.json	DUPLICATE_1	DUPLICATE_1_1
items/mip_70/16-06-1111S_16c24efd973b615240c2ffc31e0e75b24862dd1e/Nichols_Creek.json	Nichols_Creek	Nichols_Creek_1
items/mip_70/16-06-1111S_2f2996496a207711712c50f9306a82070404d913/POLECAT_CREEK.json	POLECAT_CREEK	POLECAT_CREEK_1
items/mip_70/16-06-1111S_4adeffd8bead7955d567368513fb20e40d6adca9/LITTLE_CREEK.json	LITTLE_CREEK_1	LITTLE_CREEK_1_1
items/mip_70/16-06-1111S_65e5cef43a9ccc13af23a70dbd156d8b31f039ef/MUSTANG_CREEK.json	MUSTANG_CREEK	MUSTANG_CREEK_1
items/mip_70/16-06-1111S_737b82a11a89dd7046d14737340d43a0b5b607ca/Flat_Rock_Creek.json	Flat_Rock_Creek	Flat_Rock_Creek_1
items/mip_70/16-06-1111S_764aeea65a183affbb3a85235c6b7723b5ea9ffb/Rocky_Creek.json	Rocky_Creek_2	Rocky_Creek_2_1
items/mip_70/16-06-1111S_7f3bba2604ade50f5bdabbb83cf49957ad57ed02/ROCKY_CREEK.json	ROCKY_CREEK	ROCKY_CREEK_5
items/mip_70/16-06-1111S_87465a74510c89a0b8b61d28c9b76640e68edcf4/CAMPBELL_BRANCH.json	CAMPBELL_BRANCH	CAMPBELL_BRANCH_1
items/mip_70/16-06-1111S_adf8462a94776952cbad9314eefb8c23cc5fe5bf/LONG_CREEK.json	LONG_CREEK	LONG_CREEK_3
items/mip_70/16-06-1111S_bc14046853400b3aa6bc5f699b8aaf04c0699980/LONG_BRANCH_TRIBUTARY_3.json	LONG_BRANCH_TRIBUTARY_3	LONG_BRANCH_TRIBUTARY_3_1
items/mip_70/16-06-1111S_c67fa3f0c44a01777a8b7b6473a022ec99ca6603/Wolf_Creek.json	Wolf_Creek_2	Wolf_Creek_2_1
items/mip_70/16-06-1111S_d76838abde21e41fc33be6400f62e44b609aca3c/TURKEY_CREEK.json	TURKEY_CREEK_2	TURKEY_CREEK_2_1
items/mip_70/16-06-1111S_e980f8785eed7b5703f913e1650bf53b69f6d4cf/WALTER_CREEK.json	WALTER_CREEK	WALTER_CREEK_2
items/mip_70/16-06-1111S_f301abc88d0dc2dd1e696b843d75329d55190e28/Pecan_Creek.json	Pecan_Creek	Pecan_Creek_3
items/mip_70/16-06-1111S_fa21d9bdef65ed0ed356cb51ced4787f761f8e79/COW_CREEK.json	COW_CREEK	COW_CREEK_2
items/mip_70/16-06-1619R_d26e65ef3bb8c49659adb9594a16308740deb59e/FLOODWAY.json	FLOODWAY	FLOODWAY_7
items/mip_70/16-06-1732R_3f403b4ce3a58719c401e27dab17d0675e9561cf/duplicate_effective.json	duplicate_effective	duplicate_effective_7
items/mip_70/16-06-1732R_6de63696242616796e2333bb80dba7b9408c7f3b/duplicate_effective.json	duplicate_effective_1	duplicate_effective_1_1
items/mip_70/16-06-1983S_2ee012e700627c9f895863056977ebc104820b5f/UnnamedTributaryT.json	UnnamedTributaryT	UnnamedTributaryT_4
items/mip_70/16-06-3600S_46790f9a7688bdd8819877d011d6df29b62fdf16/Little_Elm_Creek.json	Little_Elm_Creek	Little_Elm_Creek_3
items/mip_70/16-06-3600S_73eb0ab0983c38dd2640d43a04677ce758678491/Spring_Creek.json	Spring_Creek_5	Spring_Creek_5_1
items/mip_70/16-06-3600S_fc3f31649e9c9f6e835118cb206bcc442e9a81ea/Spring_Creek.json	Spring_Creek_6	Spring_Creek_6_1
items/mip_70/16-07-0172S_a25aeb82dfe53b329d13668cecc9d8885ee97942/Kilgore_Creek.json	Kilgore_Creek	Kilgore_Creek_1
items/mip_70/16-07-0172S_c12dcbee74bb82bc6cb66d96b6feead1136b2eb3/Sand_Creek.json	Sand_Creek_2	Sand_Creek_2_1
items/mip_70/16-07-0182S_1acabd9c950e6da516b4109723ea6f4187612aac/Chicken_Creek.json	Chicken_Creek	Chicken_Creek_3
items/mip_70/16-07-0182S_35d4f5670e0221deabe032ff81754b754c026fc6/Gobbler_Creek.json	Gobbler_Creek	Gobbler_Creek_1
items/mip_70/16-07-0182S_43f51f8ca46319d1cf013c9359ecad1acd2e2736/Troublesome_Creek.json	Troublesome_Creek	Troublesome_Creek_1
items/mip_70/16-07-0182S_8287fb27a706f9f0393af613f950f4f24593218a/Rock_Creek_South.json	Rock_Creek_South	Rock_Creek_South_1
items/mip_70/16-07-0182S_8854249f281ca62c6f576459485949a6d0922a3a/Salt_Creek.json	Salt_Creek	Salt_Creek_2
items/mip_70/16-07-0182S_8af4370878f989b89ab8abdaf23899070b19323e/Spring_Creek_Tributary_2.json	Spring_Creek_Tributary_2	Spring_Creek_Tributary_2_1
items/mip_70/16-07-0182S_9d52a9fc06b6a933d3d9e525b52f9de864dcd6d2/Clear_Creek_Tributary_7.json	Clear_Creek_Tributary_7	Clear_Creek_Tributary_7_1
items/mip_70/16-07-0182S_a2b523344d200b4a48361b5fd441d9a0f18fbb6c/Unnamed_23.json	Unnamed_23	Unnamed_23_2
items/mip_70/16-07-0182S_a362af807a3cc19a572f3982157cf0db643f2dec/Dye_Creek.json	Dye_Creek	Dye_Creek_1
items/mip_70/16-07-0211S_ba269f8414efcfc0bff07c5ae01a3035645a1cb8/Salt_Creek.json	Salt_Creek_1	Salt_Creek_1_1
items/mip_70/16-07-0211S_f11cc928b723ae1ac9a7fd4c02936f39854e6079/Sand_Creek.json	Sand_Creek_3	Sand_Creek_3_1
items/mip_70/16-07-2304S_9147e76cb4a4e6745cb19b71bac59eec52851da9/Dutch_Creek.json	Dutch_Creek	Dutch_Creek_2
items/mip_70/16-07-2325S_10dd65f3cc9956823251aab65fb01640189af408/Pike_Creek.json	Pike_Creek	Pike_Creek_1
items/mip_70/16-09-3074P_8d496652f9fa7d5419d86b087c7f67c2a012c685/corrected.json	corrected	corrected_2
items/mip_70/17-06-1112S_098fb436fb8dc679ccb0b4acc59f2d85bdf669bb/LONG_BRANCH.json	LONG_BRANCH_3	LONG_BRANCH_3_1
items/mip_70/17-06-1112S_2497eacb2c32fb0acbc822bfce61be73e5ae95b6/PLUM_CREEK.json	PLUM_CREEK_1	PLUM_CREEK_1_1
items/mip_70/17-06-1112S_333933f3f061cf7ba58278c44d18acc67ed97b50/WEST_CEDAR_CREEK.json	WEST_CEDAR_CREEK	WEST_CEDAR_CREEK_2
items/mip_70/17-06-1112S_39695f05ac1395391670b7e19b1da5f0c773db33/SAND_CREEK.json	SAND_CREEK_1	SAND_CREEK_1_1
items/mip_70/17-06-1112S_3992e5e148b23736fbb34d369aa4085aa70c66f8/JOHNS_CREEK.json	JOHNS_CREEK_1	JOHNS_CREEK_1_1
items/mip_70/17-06-1112S_41feeede6dd167fc9773c01a64fe9fa2f8d55403/WHITE_OAK_CREEK.json	WHITE_OAK_CREEK	WHITE_OAK_CREEK_5
items/mip_70/17-06-1112S_5cf0abc6a894c4c195d87744b43627648c6a027c/GUM_BRANCH.json	GUM_BRANCH	GUM_BRANCH_2
items/mip_70/17-06-1112S_8d17a3ac0f534bbbd0ca4e8cbac94d81344216ba/MCDONALD_CREEK.json	MCDONALD_CREEK	MCDONALD_CREEK_2
items/mip_70/17-06-1112S_b381a855f1d37d52141cb41a9be5ad18133ccefe/WHITE_OAK_CREEK.json	WHITE_OAK_CREEK_1	WHITE_OAK_CREEK_1_1
items/mip_70/17-06-1112S_eb61edb2e34e89ec63253b000b03648b98006ed5/ROCKY_CREEK.json	ROCKY_CREEK_4	ROCKY_CREEK_4_1
items/mip_70/17-06-1112S_fdd09bb604aef4e48475ab43966dc3e904172b7f/MILL_BRANCH.json	MILL_BRANCH_1	MILL_BRANCH_1_1
items/mip_70/17-06-1597R_11838efa0c04b36622ec34b7ac0dece7e4c3c540/effectivemodel.json	effectivemodel	effectivemodel_1
items/mip_70/17-06-2228P_1a8745fb3ba49525c493d2730d1c4a4c7e703919/LongBranch.json	LongBranch	LongBranch_5
items/mip_70/17-06-3654P_aaabc03e6953835f970b8f69188899778c74e7c4/PittmanCreek.json	PittmanCreek_3	PittmanCreek_3_1
items/mip_70/17-07-0009S_00f9492915374de2783e71b24716e499024fcdd8/HOOVER_CREEK.json	HOOVER_CREEK	HOOVER_CREEK_1
items/mip_70/17-07-0009S_5789c1b1819435feab6cc484deffdcbc582cf52b/INDIAN_CREEK_Trib_2.json	INDIAN_CREEK_Trib_2	INDIAN_CREEK_Trib_2_1
items/mip_70/17-07-0009S_5a2c2673a9d47967033d2105626f9d2e79aca8b0/WOLF_CREEK_Trib_4.json	WOLF_CREEK_Trib_4	WOLF_CREEK_Trib_4_1
items/mip_70/17-07-0009S_6549d2bc20064773d83b9db1f439ba8830bac87b/BADGER_CREEK.json	BADGER_CREEK	BADGER_CREEK_3
items/mip_70/17-07-0009S_7d1587b0b43decccb969ec52740e081ea44071e1/SPRING_CREEK.json	SPRING_CREEK_3	SPRING_CREEK_3_1
items/mip_70/17-07-0009S_b3404dc5b4665660b60cafb636cfbff54d4b6fc1/BATTLE_CREEK.json	BATTLE_CREEK	BATTLE_CREEK_1
items/mip_70/17-07-0174S_567837f62833857f723315c62643d73bb8a6a2be/ROCK_CREEK.json	ROCK_CREEK_1	ROCK_CREEK_1_1
items/mip_70/17-07-0832S_20c53b4f8bff8dcb80611211be996d6fae970c6c/Unnamed_27.json	Unnamed_27	Unnamed_27_1
items/mip_70/17-07-0832S_accf60ed26ed87589306fe6bee28a02264b6d55a/Slough_Creek.json	Slough_Creek	Slough_Creek_1
items/mip_70/17-08-0131P_bd62359aac5ede4f8e1517c24f659456b6401187/dup_eff.json	dup_eff	dup_eff_1
items/mip_70/17-08-0165P_1509f5448b64cd8be3aa704566a6cdb4c58de3c4/POST_PROJECT.json	POST_PROJECT	POST_PROJECT_3
items/mip_70/17-08-0165P_20445bb6847b590339fd2fa99c1359cf08b68bf2/POST_PROJECT.json	POST_PROJECT_1	POST_PROJECT_1_1
items/mip_70/17-08-1041P_eabd1fa7bfeb23615df5eb9deee5a01b3b740ddb/NewlinGulchLOMR.json	NewlinGulchLOMR	NewlinGulchLOMR_1
items/mip_70/17-08-1316P_ecf04950eb0f204d3013dcfdc53b3f4215ae8c83/Floodway.json	Floodway_1	Floodway_1_1
items/mip_70/17-08-1525P_3dd24d74f20650c07be9602736d3a30cb9adbd22/16025Floodway.json	16025Floodway	16025Floodway_4
items/mip_70/17-08-1525P_786898f26f34f4250e5f3c3b8e94db9b769f0559/16025Floodway.json	16025Floodway_1	16025Floodway_1_1
items/mip_70/18-06-0002S_70e5cf0d89ee6804e192d3d9df12a229ad6387b6/BRUSHY_CREEK_2.json	BRUSHY_CREEK_2	BRUSHY_CREEK_2_1
items/mip_70/18-08-0560P_1e3e2f94d3fa9bb6ae803e10827ef5789bc69a0b/copper_creek.json	copper_creek	copper_creek_1
items/mip_70/18-08-0752P_0466a2956434a92783577566c678c34ef80721dc/effective.json	effective_1	effective_1_1
items/mip_70/19-03-0003S_5c62c176bfb2682529bd5100c4b8f4b7f58abeb0/Spring_Cr.json	Spring_Cr	Spring_Cr_1
items/mip_70/19-06-0030S_1f710f7d4b13611a53f7ba8f88af2356a721d138/town_creek.json	town_creek	town_creek_4
items/mip_70/20-06-0038S_92e316c55d4c8ebb268918a49f57be39966b99b0/Turkey_Creek.json	Turkey_Creek	Turkey_Creek_1
items/mip_70/20-06-0038S_a2e6fc668e87450ddfac1828decade81932d256e/JONES_CREEK.json	JONES_CREEK	JONES_CREEK_1
items/mip_70/20-06-0052S_886b505b0703b87fb87267eeb013f0679daffc89/SPRING_CREEK_2.json	SPRING_CREEK_2_1	SPRING_CREEK_2_1_1
items/mip_70/20-06-0053S_8952f9fef58d4dae30e36021313807c02c0dd884/Cottonwood_Branch.json	Cottonwood_Branch	Cottonwood_Branch_1
items/mip_70/20-06-0054S_745d220c3edb731fdc8d3b4952f8af9ec99a510e/CYPRESS_CREEK.json	CYPRESS_CREEK	CYPRESS_CREEK_4
items/mip_70/20-06-0054S_9582ac047e62f97060bcedb9b48fd12cdbca8064/SNAKE_CREEK.json	SNAKE_CREEK_1	SNAKE_CREEK_1_1
items/mip_70/20-06-0054S_b3748e4e8f8239eeb86712806f7ffcd4d4127f7c/WALNUT_CREEK_2.json	WALNUT_CREEK_2	WALNUT_CREEK_2_1
items/mip_70/20-06-0054S_eddbfd4a29db9d48cdfe9ae700f915b63d23625b/SPRING_CREEK.json	SPRING_CREEK_4	SPRING_CREEK_4_1
items/mip_70/20-06-0056S_403e1f123790656ecf36d0cad507a7f902345eeb/LIVE_OAK_CREEK.json	LIVE_OAK_CREEK	LIVE_OAK_CREEK_1
items/mip_70/20-06-0057S_3cb07ab44c757b98aba632837563f4687240c070/SIXMILE_CREEK.json	SIXMILE_CREEK	SIXMILE_CREEK_3
items/mip_70/20-06-0057S_8378b52950fe67d64f8e880673d92e00ffab9391/ELM_CREEK.json	ELM_CREEK_1	ELM_CREEK_1_1
items/mip_70/20-06-0090S_110d1ace336472c40d3bfa18a05291c05febaae0/Sand_Creek.json	Sand_Creek	Sand_Creek_2
items/mip_70/20-06-0090S_7aa4c9247e0bda443b97daca7dc551486f29228d/Sand_Creek.json	Sand_Creek_1	Sand_Creek_1_1
items/mip_70/20-06-0090S_8ec44e15e3aa47222dd9e304f49023b7cf4b6675/Buffalo_CR.json	Buffalo_CR	Buffalo_CR_1
items/mip_70/20-06-0097S_0132d5ca325e09db37b9d863f7834299ba67328d/BUCK_CREEK.json	BUCK_CREEK_1	BUCK_CREEK_1_1
items/mip_70/20-06-0097S_3019b4e451e1680b983e5f5f4161eaca318c6a16/PATTERSON_BRANCH.json	PATTERSON_BRANCH	PATTERSON_BRANCH_2
items/mip_70/20-06-0097S_61a05fb4199e9da9992195f945de87c5d3b064ad/WILDCAT_CREEK.json	WILDCAT_CREEK	WILDCAT_CREEK_6
items/mip_70/20-06-0097S_a353f40037757b48be4eac3d8e25af7493564776/LITTLE_INDIAN_CREEK.json	LITTLE_INDIAN_CREEK	LITTLE_INDIAN_CREEK_4
items/mip_70/20-06-0097S_b14330177fa88cf7a95a6952b6a7d71edc8c729f/WHEELER_CREEK.json	WHEELER_CREEK	WHEELER_CREEK_1
items/mip_70/20-06-0110S_04876ee05d0c1f4122983db490bf226b744a0ee6/Lippitt_Branch.json	Lippitt_Branch	Lippitt_Branch_2
items/mip_70/20-06-0110S_8f3e57062cc67457ff0e8bc8375e01451d0ccd2d/Park_Branch.json	Park_Branch	Park_Branch_2
items/mip_70/20-06-0110S_bdf86bcad1ec91bb2b92f2ecc63d5016963768e7/WESTBROOK_CREEK.json	WESTBROOK_CREEK	WESTBROOK_CREEK_1
items/mip_70/20-06-0110S_d43222801e90cfc1acf9fd2ad0b5b9702fa4e213/Prairie_Creek.json	Prairie_Creek	Prairie_Creek_1
items/mip_70/20-06-0110S_e6c47023b98bd6309654271780dc959c9c65c5db/RUSH_CREEK.json	RUSH_CREEK	RUSH_CREEK_2
items/mip_70/20-08-0155P_399df1c40605020bdb69dc6b552447687420477b/PostProject.json	PostProject	PostProject_3
items/mip_70/20-08-0838P_66f559cf97ff1160f18b8173549b61af6272ee39/PostProject.json	PostProject_1	PostProject_1_1
items/mip_70/22-06-0783P_307495d3f8bd7a510e5833cd81b57f418a46443b/Panther_Creek.json	Panther_Creek	Panther_Creek_3
items/mip_70/22-06-2295P_d8aaf11a90de05ced199b6ae2c707050d4638c7e/nelsoncreek.json	nelsoncreek	nelsoncreek_1
items/mip_70/22-06-2362P_a64d8bfb2253b54e084c8974154dc88f6d0c6e00/CORRECTED_EFFECTIVE.json	CORRECTED_EFFECTIVE	CORRECTED_EFFECTIVE_1
